WorkerId,Iteration,StartedAtUtc,DurationMs,Success,ErrorCategory,SqlErrorNumber,ScalarValue,ReaderRowCount,ErrorMessage
1,1,2026-03-22T21:37:26.9724860Z,17,False,"SqlError",2812,"",,"Could not find stored procedure 'dbo.usp_BlockingDemo'."
1,2,2026-03-22T21:37:26.9909828Z,5,False,"SqlError",2812,"",,"Could not find stored procedure 'dbo.usp_BlockingDemo'."
1,3,2026-03-22T21:37:26.9963309Z,11,False,"SqlError",2812,"",,"Could not find stored procedure 'dbo.usp_BlockingDemo'."
1,4,2026-03-22T21:37:27.0075382Z,7,False,"SqlError",2812,"",,"Could not find stored procedure 'dbo.usp_BlockingDemo'."
1,5,2026-03-22T21:37:27.0153369Z,6,False,"SqlError",2812,"",,"Could not find stored procedure 'dbo.usp_BlockingDemo'."
1,6,2026-03-22T21:37:27.0218177Z,10,False,"SqlError",2812,"",,"Could not find stored procedure 'dbo.usp_BlockingDemo'."
1,7,2026-03-22T21:37:27.0323378Z,11,False,"SqlError",2812,"",,"Could not find stored procedure 'dbo.usp_BlockingDemo'."
1,8,2026-03-22T21:37:27.0441337Z,9,False,"SqlError",2812,"",,"Could not find stored procedure 'dbo.usp_BlockingDemo'."
1,9,2026-03-22T21:37:27.0538487Z,8,False,"SqlError",2812,"",,"Could not find stored procedure 'dbo.usp_BlockingDemo'."
1,10,2026-03-22T21:37:27.0619659Z,8,False,"SqlError",2812,"",,"Could not find stored procedure 'dbo.usp_BlockingDemo'."
1,11,2026-03-22T21:37:27.0703027Z,6,False,"SqlError",2812,"",,"Could not find stored procedure 'dbo.usp_BlockingDemo'."
1,12,2026-03-22T21:37:27.0766048Z,7,False,"SqlError",2812,"",,"Could not find stored procedure 'dbo.usp_BlockingDemo'."
1,13,2026-03-22T21:37:27.0841364Z,5,False,"SqlError",2812,"",,"Could not find stored procedure 'dbo.usp_BlockingDemo'."
1,14,2026-03-22T21:37:27.0901246Z,7,False,"SqlError",2812,"",,"Could not find stored procedure 'dbo.usp_BlockingDemo'."
1,15,2026-03-22T21:37:27.0974512Z,10,False,"SqlError",2812,"",,"Could not find stored procedure 'dbo.usp_BlockingDemo'."
1,16,2026-03-22T21:37:27.1083331Z,6,False,"SqlError",2812,"",,"Could not find stored procedure 'dbo.usp_BlockingDemo'."
1,17,2026-03-22T21:37:27.1150575Z,5,False,"SqlError",2812,"",,"Could not find stored procedure 'dbo.usp_BlockingDemo'."
1,18,2026-03-22T21:37:27.1204860Z,6,False,"SqlError",2812,"",,"Could not find stored procedure 'dbo.usp_BlockingDemo'."
1,19,2026-03-22T21:37:27.1266184Z,16,False,"SqlError",2812,"",,"Could not find stored procedure 'dbo.usp_BlockingDemo'."
1,20,2026-03-22T21:37:27.1427788Z,7,False,"SqlError",2812,"",,"Could not find stored procedure 'dbo.usp_BlockingDemo'."
1,21,2026-03-22T21:37:27.1504962Z,7,False,"SqlError",2812,"",,"Could not find stored procedure 'dbo.usp_BlockingDemo'."
1,22,2026-03-22T21:37:27.1581450Z,7,False,"SqlError",2812,"",,"Could not find stored procedure 'dbo.usp_BlockingDemo'."
1,23,2026-03-22T21:37:27.1654162Z,8,False,"SqlError",2812,"",,"Could not find stored procedure 'dbo.usp_BlockingDemo'."
1,24,2026-03-22T21:37:27.1740304Z,7,False,"SqlError",2812,"",,"Could not find stored procedure 'dbo.usp_BlockingDemo'."
1,25,2026-03-22T21:37:27.1811736Z,5,False,"SqlError",2812,"",,"Could not find stored procedure 'dbo.usp_BlockingDemo'."
1,26,2026-03-22T21:37:27.1867133Z,5,False,"SqlError",2812,"",,"Could not find stored procedure 'dbo.usp_BlockingDemo'."
1,27,2026-03-22T21:37:27.1925976Z,6,False,"SqlError",2812,"",,"Could not find stored procedure 'dbo.usp_BlockingDemo'."
1,28,2026-03-22T21:37:27.1989254Z,13,False,"SqlError",2812,"",,"Could not find stored procedure 'dbo.usp_BlockingDemo'."
1,29,2026-03-22T21:37:27.2124856Z,5,False,"SqlError",2812,"",,"Could not find stored procedure 'dbo.usp_BlockingDemo'."
1,30,2026-03-22T21:37:27.2181529Z,6,False,"SqlError",2812,"",,"Could not find stored procedure 'dbo.usp_BlockingDemo'."
2,1,2026-03-22T21:37:26.9961835Z,9,False,"SqlError",2812,"",,"Could not find stored procedure 'dbo.usp_BlockingDemo'."
2,2,2026-03-22T21:37:27.0058103Z,9,False,"SqlError",2812,"",,"Could not find stored procedure 'dbo.usp_BlockingDemo'."
2,3,2026-03-22T21:37:27.0155709Z,6,False,"SqlError",2812,"",,"Could not find stored procedure 'dbo.usp_BlockingDemo'."
2,4,2026-03-22T21:37:27.0225517Z,9,False,"SqlError",2812,"",,"Could not find stored procedure 'dbo.usp_BlockingDemo'."
2,5,2026-03-22T21:37:27.0321223Z,9,False,"SqlError",2812,"",,"Could not find stored procedure 'dbo.usp_BlockingDemo'."
2,6,2026-03-22T21:37:27.0420222Z,9,False,"SqlError",2812,"",,"Could not find stored procedure 'dbo.usp_BlockingDemo'."
2,7,2026-03-22T21:37:27.0510911Z,8,False,"SqlError",2812,"",,"Could not find stored procedure 'dbo.usp_BlockingDemo'."
2,8,2026-03-22T21:37:27.0591563Z,6,False,"SqlError",2812,"",,"Could not find stored procedure 'dbo.usp_BlockingDemo'."
2,9,2026-03-22T21:37:27.0652439Z,8,False,"SqlError",2812,"",,"Could not find stored procedure 'dbo.usp_BlockingDemo'."
2,10,2026-03-22T21:37:27.0733163Z,7,False,"SqlError",2812,"",,"Could not find stored procedure 'dbo.usp_BlockingDemo'."
2,11,2026-03-22T21:37:27.0808902Z,6,False,"SqlError",2812,"",,"Could not find stored procedure 'dbo.usp_BlockingDemo'."
2,12,2026-03-22T21:37:27.0870417Z,7,False,"SqlError",2812,"",,"Could not find stored procedure 'dbo.usp_BlockingDemo'."
2,13,2026-03-22T21:37:27.0941699Z,7,False,"SqlError",2812,"",,"Could not find stored procedure 'dbo.usp_BlockingDemo'."
2,14,2026-03-22T21:37:27.1012038Z,10,False,"SqlError",2812,"",,"Could not find stored procedure 'dbo.usp_BlockingDemo'."
2,15,2026-03-22T21:37:27.1118943Z,5,False,"SqlError",2812,"",,"Could not find stored procedure 'dbo.usp_BlockingDemo'."
2,16,2026-03-22T21:37:27.1171594Z,5,False,"SqlError",2812,"",,"Could not find stored procedure 'dbo.usp_BlockingDemo'."
2,17,2026-03-22T21:37:27.1229180Z,9,False,"SqlError",2812,"",,"Could not find stored procedure 'dbo.usp_BlockingDemo'."
2,18,2026-03-22T21:37:27.1323196Z,14,False,"SqlError",2812,"",,"Could not find stored procedure 'dbo.usp_BlockingDemo'."
2,19,2026-03-22T21:37:27.1466176Z,6,False,"SqlError",2812,"",,"Could not find stored procedure 'dbo.usp_BlockingDemo'."
2,20,2026-03-22T21:37:27.1532444Z,7,False,"SqlError",2812,"",,"Could not find stored procedure 'dbo.usp_BlockingDemo'."
2,21,2026-03-22T21:37:27.1609697Z,6,False,"SqlError",2812,"",,"Could not find stored procedure 'dbo.usp_BlockingDemo'."
2,22,2026-03-22T21:37:27.1670063Z,9,False,"SqlError",2812,"",,"Could not find stored procedure 'dbo.usp_BlockingDemo'."
2,23,2026-03-22T21:37:27.1762591Z,5,False,"SqlError",2812,"",,"Could not find stored procedure 'dbo.usp_BlockingDemo'."
2,24,2026-03-22T21:37:27.1820875Z,6,False,"SqlError",2812,"",,"Could not find stored procedure 'dbo.usp_BlockingDemo'."
2,25,2026-03-22T21:37:27.1887699Z,7,False,"SqlError",2812,"",,"Could not find stored procedure 'dbo.usp_BlockingDemo'."
2,26,2026-03-22T21:37:27.1958684Z,5,False,"SqlError",2812,"",,"Could not find stored procedure 'dbo.usp_BlockingDemo'."
2,27,2026-03-22T21:37:27.2015867Z,13,False,"SqlError",2812,"",,"Could not find stored procedure 'dbo.usp_BlockingDemo'."
2,28,2026-03-22T21:37:27.2152290Z,5,False,"SqlError",2812,"",,"Could not find stored procedure 'dbo.usp_BlockingDemo'."
2,29,2026-03-22T21:37:27.2210832Z,6,False,"SqlError",2812,"",,"Could not find stored procedure 'dbo.usp_BlockingDemo'."
2,30,2026-03-22T21:37:27.2277121Z,21,False,"SqlError",2812,"",,"Could not find stored procedure 'dbo.usp_BlockingDemo'."
3,1,2026-03-22T21:37:26.9529553Z,36,False,"SqlError",2812,"",,"Could not find stored procedure 'dbo.usp_BlockingDemo'."
3,2,2026-03-22T21:37:26.9909823Z,5,False,"SqlError",2812,"",,"Could not find stored procedure 'dbo.usp_BlockingDemo'."
3,3,2026-03-22T21:37:26.9963308Z,9,False,"SqlError",2812,"",,"Could not find stored procedure 'dbo.usp_BlockingDemo'."
3,4,2026-03-22T21:37:27.0058144Z,9,False,"SqlError",2812,"",,"Could not find stored procedure 'dbo.usp_BlockingDemo'."
3,5,2026-03-22T21:37:27.0153364Z,6,False,"SqlError",2812,"",,"Could not find stored procedure 'dbo.usp_BlockingDemo'."
3,6,2026-03-22T21:37:27.0218183Z,17,False,"SqlError",2812,"",,"Could not find stored procedure 'dbo.usp_BlockingDemo'."
3,7,2026-03-22T21:37:27.0395687Z,11,False,"SqlError",2812,"",,"Could not find stored procedure 'dbo.usp_BlockingDemo'."
3,8,2026-03-22T21:37:27.0510913Z,8,False,"SqlError",2812,"",,"Could not find stored procedure 'dbo.usp_BlockingDemo'."
3,9,2026-03-22T21:37:27.0591563Z,6,False,"SqlError",2812,"",,"Could not find stored procedure 'dbo.usp_BlockingDemo'."
3,10,2026-03-22T21:37:27.0652516Z,7,False,"SqlError",2812,"",,"Could not find stored procedure 'dbo.usp_BlockingDemo'."
3,11,2026-03-22T21:37:27.0731706Z,6,False,"SqlError",2812,"",,"Could not find stored procedure 'dbo.usp_BlockingDemo'."
3,12,2026-03-22T21:37:27.0797019Z,7,False,"SqlError",2812,"",,"Could not find stored procedure 'dbo.usp_BlockingDemo'."
3,13,2026-03-22T21:37:27.0871459Z,6,False,"SqlError",2812,"",,"Could not find stored procedure 'dbo.usp_BlockingDemo'."
3,14,2026-03-22T21:37:27.0939775Z,5,False,"SqlError",2812,"",,"Could not find stored procedure 'dbo.usp_BlockingDemo'."
3,15,2026-03-22T21:37:27.0997498Z,12,False,"SqlError",2812,"",,"Could not find stored procedure 'dbo.usp_BlockingDemo'."
3,16,2026-03-22T21:37:27.1119281Z,6,False,"SqlError",2812,"",,"Could not find stored procedure 'dbo.usp_BlockingDemo'."
3,17,2026-03-22T21:37:27.1180894Z,6,False,"SqlError",2812,"",,"Could not find stored procedure 'dbo.usp_BlockingDemo'."
3,18,2026-03-22T21:37:27.1242491Z,11,False,"SqlError",2812,"",,"Could not find stored procedure 'dbo.usp_BlockingDemo'."
3,19,2026-03-22T21:37:27.1353122Z,14,False,"SqlError",2812,"",,"Could not find stored procedure 'dbo.usp_BlockingDemo'."
3,20,2026-03-22T21:37:27.1502409Z,6,False,"SqlError",2812,"",,"Could not find stored procedure 'dbo.usp_BlockingDemo'."
3,21,2026-03-22T21:37:27.1562583Z,7,False,"SqlError",2812,"",,"Could not find stored procedure 'dbo.usp_BlockingDemo'."
3,22,2026-03-22T21:37:27.1634391Z,9,False,"SqlError",2812,"",,"Could not find stored procedure 'dbo.usp_BlockingDemo'."
3,23,2026-03-22T21:37:27.1727324Z,5,False,"SqlError",2812,"",,"Could not find stored procedure 'dbo.usp_BlockingDemo'."
3,24,2026-03-22T21:37:27.1787072Z,6,False,"SqlError",2812,"",,"Could not find stored procedure 'dbo.usp_BlockingDemo'."
3,25,2026-03-22T21:37:27.1853028Z,7,False,"SqlError",2812,"",,"Could not find stored procedure 'dbo.usp_BlockingDemo'."
3,26,2026-03-22T21:37:27.1924118Z,6,False,"SqlError",2812,"",,"Could not find stored procedure 'dbo.usp_BlockingDemo'."
3,27,2026-03-22T21:37:27.1987495Z,13,False,"SqlError",2812,"",,"Could not find stored procedure 'dbo.usp_BlockingDemo'."
3,28,2026-03-22T21:37:27.2122504Z,5,False,"SqlError",2812,"",,"Could not find stored procedure 'dbo.usp_BlockingDemo'."
3,29,2026-03-22T21:37:27.2180764Z,6,False,"SqlError",2812,"",,"Could not find stored procedure 'dbo.usp_BlockingDemo'."
3,30,2026-03-22T21:37:27.2243540Z,9,False,"SqlError",2812,"",,"Could not find stored procedure 'dbo.usp_BlockingDemo'."
4,1,2026-03-22T21:37:27.0535987Z,8,False,"SqlError",2812,"",,"Could not find stored procedure 'dbo.usp_BlockingDemo'."
4,2,2026-03-22T21:37:27.0619577Z,8,False,"SqlError",2812,"",,"Could not find stored procedure 'dbo.usp_BlockingDemo'."
4,3,2026-03-22T21:37:27.0704012Z,6,False,"SqlError",2812,"",,"Could not find stored procedure 'dbo.usp_BlockingDemo'."
4,4,2026-03-22T21:37:27.0769713Z,9,False,"SqlError",2812,"",,"Could not find stored procedure 'dbo.usp_BlockingDemo'."
4,5,2026-03-22T21:37:27.0865243Z,7,False,"SqlError",2812,"",,"Could not find stored procedure 'dbo.usp_BlockingDemo'."
4,6,2026-03-22T21:37:27.0943474Z,13,False,"SqlError",2812,"",,"Could not find stored procedure 'dbo.usp_BlockingDemo'."
4,7,2026-03-22T21:37:27.1075151Z,6,False,"SqlError",2812,"",,"Could not find stored procedure 'dbo.usp_BlockingDemo'."
4,8,2026-03-22T21:37:27.1142408Z,5,False,"SqlError",2812,"",,"Could not find stored procedure 'dbo.usp_BlockingDemo'."
4,9,2026-03-22T21:37:27.1197259Z,12,False,"SqlError",2812,"",,"Could not find stored procedure 'dbo.usp_BlockingDemo'."
4,10,2026-03-22T21:37:27.1322150Z,14,False,"SqlError",2812,"",,"Could not find stored procedure 'dbo.usp_BlockingDemo'."
4,11,2026-03-22T21:37:27.1466176Z,6,False,"SqlError",2812,"",,"Could not find stored procedure 'dbo.usp_BlockingDemo'."
4,12,2026-03-22T21:37:27.1531584Z,8,False,"SqlError",2812,"",,"Could not find stored procedure 'dbo.usp_BlockingDemo'."
4,13,2026-03-22T21:37:27.1612868Z,6,False,"SqlError",2812,"",,"Could not find stored procedure 'dbo.usp_BlockingDemo'."
4,14,2026-03-22T21:37:27.1682825Z,7,False,"SqlError",2812,"",,"Could not find stored procedure 'dbo.usp_BlockingDemo'."
4,15,2026-03-22T21:37:27.1762516Z,7,False,"SqlError",2812,"",,"Could not find stored procedure 'dbo.usp_BlockingDemo'."
4,16,2026-03-22T21:37:27.1835448Z,5,False,"SqlError",2812,"",,"Could not find stored procedure 'dbo.usp_BlockingDemo'."
4,17,2026-03-22T21:37:27.1887141Z,9,False,"SqlError",2812,"",,"Could not find stored procedure 'dbo.usp_BlockingDemo'."
4,18,2026-03-22T21:37:27.1986050Z,14,False,"SqlError",2812,"",,"Could not find stored procedure 'dbo.usp_BlockingDemo'."
4,19,2026-03-22T21:37:27.2127385Z,6,False,"SqlError",2812,"",,"Could not find stored procedure 'dbo.usp_BlockingDemo'."
4,20,2026-03-22T21:37:27.2196214Z,6,False,"SqlError",2812,"",,"Could not find stored procedure 'dbo.usp_BlockingDemo'."
4,21,2026-03-22T21:37:27.2262895Z,7,False,"SqlError",2812,"",,"Could not find stored procedure 'dbo.usp_BlockingDemo'."
4,22,2026-03-22T21:37:27.2338544Z,17,False,"SqlError",2812,"",,"Could not find stored procedure 'dbo.usp_BlockingDemo'."
4,23,2026-03-22T21:37:27.2511277Z,10,False,"SqlError",2812,"",,"Could not find stored procedure 'dbo.usp_BlockingDemo'."
4,24,2026-03-22T21:37:27.2616105Z,10,False,"SqlError",2812,"",,"Could not find stored procedure 'dbo.usp_BlockingDemo'."
4,25,2026-03-22T21:37:27.2716967Z,22,False,"SqlError",2812,"",,"Could not find stored procedure 'dbo.usp_BlockingDemo'."
4,26,2026-03-22T21:37:27.2939088Z,6,False,"SqlError",2812,"",,"Could not find stored procedure 'dbo.usp_BlockingDemo'."
4,27,2026-03-22T21:37:27.3001554Z,12,False,"SqlError",2812,"",,"Could not find stored procedure 'dbo.usp_BlockingDemo'."
4,28,2026-03-22T21:37:27.3128665Z,7,False,"SqlError",2812,"",,"Could not find stored procedure 'dbo.usp_BlockingDemo'."
4,29,2026-03-22T21:37:27.3200064Z,10,False,"SqlError",2812,"",,"Could not find stored procedure 'dbo.usp_BlockingDemo'."
4,30,2026-03-22T21:37:27.3303080Z,7,False,"SqlError",2812,"",,"Could not find stored procedure 'dbo.usp_BlockingDemo'."
5,1,2026-03-22T21:37:27.0640136Z,7,False,"SqlError",2812,"",,"Could not find stored procedure 'dbo.usp_BlockingDemo'."
5,2,2026-03-22T21:37:27.0719376Z,8,False,"SqlError",2812,"",,"Could not find stored procedure 'dbo.usp_BlockingDemo'."
5,3,2026-03-22T21:37:27.0808741Z,6,False,"SqlError",2812,"",,"Could not find stored procedure 'dbo.usp_BlockingDemo'."
5,4,2026-03-22T21:37:27.0871312Z,7,False,"SqlError",2812,"",,"Could not find stored procedure 'dbo.usp_BlockingDemo'."
5,5,2026-03-22T21:37:27.0945834Z,12,False,"SqlError",2812,"",,"Could not find stored procedure 'dbo.usp_BlockingDemo'."
5,6,2026-03-22T21:37:27.1075084Z,7,False,"SqlError",2812,"",,"Could not find stored procedure 'dbo.usp_BlockingDemo'."
5,7,2026-03-22T21:37:27.1150575Z,5,False,"SqlError",2812,"",,"Could not find stored procedure 'dbo.usp_BlockingDemo'."
5,8,2026-03-22T21:37:27.1209969Z,11,False,"SqlError",2812,"",,"Could not find stored procedure 'dbo.usp_BlockingDemo'."
5,9,2026-03-22T21:37:27.1322150Z,14,False,"SqlError",2812,"",,"Could not find stored procedure 'dbo.usp_BlockingDemo'."
5,10,2026-03-22T21:37:27.1466177Z,6,False,"SqlError",2812,"",,"Could not find stored procedure 'dbo.usp_BlockingDemo'."
5,11,2026-03-22T21:37:27.1532789Z,7,False,"SqlError",2812,"",,"Could not find stored procedure 'dbo.usp_BlockingDemo'."
5,12,2026-03-22T21:37:27.1609712Z,6,False,"SqlError",2812,"",,"Could not find stored procedure 'dbo.usp_BlockingDemo'."
5,13,2026-03-22T21:37:27.1670398Z,9,False,"SqlError",2812,"",,"Could not find stored procedure 'dbo.usp_BlockingDemo'."
5,14,2026-03-22T21:37:27.1760897Z,5,False,"SqlError",2812,"",,"Could not find stored procedure 'dbo.usp_BlockingDemo'."
5,15,2026-03-22T21:37:27.1813644Z,5,False,"SqlError",2812,"",,"Could not find stored procedure 'dbo.usp_BlockingDemo'."
5,16,2026-03-22T21:37:27.1867133Z,4,False,"SqlError",2812,"",,"Could not find stored procedure 'dbo.usp_BlockingDemo'."
5,17,2026-03-22T21:37:27.1916023Z,7,False,"SqlError",2812,"",,"Could not find stored procedure 'dbo.usp_BlockingDemo'."
5,18,2026-03-22T21:37:27.1989121Z,13,False,"SqlError",2812,"",,"Could not find stored procedure 'dbo.usp_BlockingDemo'."
5,19,2026-03-22T21:37:27.2123391Z,5,False,"SqlError",2812,"",,"Could not find stored procedure 'dbo.usp_BlockingDemo'."
5,20,2026-03-22T21:37:27.2180618Z,6,False,"SqlError",2812,"",,"Could not find stored procedure 'dbo.usp_BlockingDemo'."
5,21,2026-03-22T21:37:27.2242017Z,9,False,"SqlError",2812,"",,"Could not find stored procedure 'dbo.usp_BlockingDemo'."
5,22,2026-03-22T21:37:27.2338474Z,17,False,"SqlError",2812,"",,"Could not find stored procedure 'dbo.usp_BlockingDemo'."
5,23,2026-03-22T21:37:27.2511274Z,10,False,"SqlError",2812,"",,"Could not find stored procedure 'dbo.usp_BlockingDemo'."
5,24,2026-03-22T21:37:27.2616652Z,10,False,"SqlError",2812,"",,"Could not find stored procedure 'dbo.usp_BlockingDemo'."
5,25,2026-03-22T21:37:27.2716965Z,22,False,"SqlError",2812,"",,"Could not find stored procedure 'dbo.usp_BlockingDemo'."
5,26,2026-03-22T21:37:27.2939088Z,6,False,"SqlError",2812,"",,"Could not find stored procedure 'dbo.usp_BlockingDemo'."
5,27,2026-03-22T21:37:27.3001554Z,15,False,"SqlError",2812,"",,"Could not find stored procedure 'dbo.usp_BlockingDemo'."
5,28,2026-03-22T21:37:27.3160733Z,8,False,"SqlError",2812,"",,"Could not find stored procedure 'dbo.usp_BlockingDemo'."
5,29,2026-03-22T21:37:27.3244040Z,9,False,"SqlError",2812,"",,"Could not find stored procedure 'dbo.usp_BlockingDemo'."
5,30,2026-03-22T21:37:27.3339639Z,15,False,"SqlError",2812,"",,"Could not find stored procedure 'dbo.usp_BlockingDemo'."
6,1,2026-03-22T21:37:27.0838716Z,5,False,"SqlError",2812,"",,"Could not find stored procedure 'dbo.usp_BlockingDemo'."
6,2,2026-03-22T21:37:27.0893188Z,8,False,"SqlError",2812,"",,"Could not find stored procedure 'dbo.usp_BlockingDemo'."
6,3,2026-03-22T21:37:27.0980898Z,12,False,"SqlError",2812,"",,"Could not find stored procedure 'dbo.usp_BlockingDemo'."
6,4,2026-03-22T21:37:27.1110644Z,6,False,"SqlError",2812,"",,"Could not find stored procedure 'dbo.usp_BlockingDemo'."
6,5,2026-03-22T21:37:27.1174076Z,5,False,"SqlError",2812,"",,"Could not find stored procedure 'dbo.usp_BlockingDemo'."
6,6,2026-03-22T21:37:27.1232270Z,12,False,"SqlError",2812,"",,"Could not find stored procedure 'dbo.usp_BlockingDemo'."
6,7,2026-03-22T21:37:27.1356731Z,14,False,"SqlError",2812,"",,"Could not find stored procedure 'dbo.usp_BlockingDemo'."
6,8,2026-03-22T21:37:27.1503700Z,5,False,"SqlError",2812,"",,"Could not find stored procedure 'dbo.usp_BlockingDemo'."
6,9,2026-03-22T21:37:27.1563097Z,8,False,"SqlError",2812,"",,"Could not find stored procedure 'dbo.usp_BlockingDemo'."
6,10,2026-03-22T21:37:27.1648773Z,7,False,"SqlError",2812,"",,"Could not find stored procedure 'dbo.usp_BlockingDemo'."
6,11,2026-03-22T21:37:27.1727325Z,6,False,"SqlError",2812,"",,"Could not find stored procedure 'dbo.usp_BlockingDemo'."
6,12,2026-03-22T21:37:27.1796826Z,9,False,"SqlError",2812,"",,"Could not find stored procedure 'dbo.usp_BlockingDemo'."
6,13,2026-03-22T21:37:27.1887140Z,7,False,"SqlError",2812,"",,"Could not find stored procedure 'dbo.usp_BlockingDemo'."
6,14,2026-03-22T21:37:27.1958684Z,5,False,"SqlError",2812,"",,"Could not find stored procedure 'dbo.usp_BlockingDemo'."
6,15,2026-03-22T21:37:27.2015829Z,13,False,"SqlError",2812,"",,"Could not find stored procedure 'dbo.usp_BlockingDemo'."
6,16,2026-03-22T21:37:27.2153361Z,5,False,"SqlError",2812,"",,"Could not find stored procedure 'dbo.usp_BlockingDemo'."
6,17,2026-03-22T21:37:27.2209734Z,9,False,"SqlError",2812,"",,"Could not find stored procedure 'dbo.usp_BlockingDemo'."
6,18,2026-03-22T21:37:27.2301751Z,15,False,"SqlError",2812,"",,"Could not find stored procedure 'dbo.usp_BlockingDemo'."
6,19,2026-03-22T21:37:27.2457603Z,10,False,"SqlError",2812,"",,"Could not find stored procedure 'dbo.usp_BlockingDemo'."
6,20,2026-03-22T21:37:27.2564714Z,9,False,"SqlError",2812,"",,"Could not find stored procedure 'dbo.usp_BlockingDemo'."
6,21,2026-03-22T21:37:27.2660237Z,24,False,"SqlError",2812,"",,"Could not find stored procedure 'dbo.usp_BlockingDemo'."
6,22,2026-03-22T21:37:27.2903576Z,5,False,"SqlError",2812,"",,"Could not find stored procedure 'dbo.usp_BlockingDemo'."
6,23,2026-03-22T21:37:27.2962343Z,7,False,"SqlError",2812,"",,"Could not find stored procedure 'dbo.usp_BlockingDemo'."
6,24,2026-03-22T21:37:27.3036216Z,16,False,"SqlError",2812,"",,"Could not find stored procedure 'dbo.usp_BlockingDemo'."
6,25,2026-03-22T21:37:27.3196501Z,9,False,"SqlError",2812,"",,"Could not find stored procedure 'dbo.usp_BlockingDemo'."
6,26,2026-03-22T21:37:27.3293089Z,8,False,"SqlError",2812,"",,"Could not find stored procedure 'dbo.usp_BlockingDemo'."
6,27,2026-03-22T21:37:27.3381228Z,16,False,"SqlError",2812,"",,"Could not find stored procedure 'dbo.usp_BlockingDemo'."
6,28,2026-03-22T21:37:27.3544538Z,7,False,"SqlError",2812,"",,"Could not find stored procedure 'dbo.usp_BlockingDemo'."
6,29,2026-03-22T21:37:27.3622714Z,9,False,"SqlError",2812,"",,"Could not find stored procedure 'dbo.usp_BlockingDemo'."
6,30,2026-03-22T21:37:27.3718965Z,9,False,"SqlError",2812,"",,"Could not find stored procedure 'dbo.usp_BlockingDemo'."
7,1,2026-03-22T21:37:27.0223767Z,9,False,"SqlError",2812,"",,"Could not find stored procedure 'dbo.usp_BlockingDemo'."
7,2,2026-03-22T21:37:27.0319665Z,10,False,"SqlError",2812,"",,"Could not find stored procedure 'dbo.usp_BlockingDemo'."
7,3,2026-03-22T21:37:27.0424260Z,9,False,"SqlError",2812,"",,"Could not find stored procedure 'dbo.usp_BlockingDemo'."
7,4,2026-03-22T21:37:27.0515510Z,8,False,"SqlError",2812,"",,"Could not find stored procedure 'dbo.usp_BlockingDemo'."
7,5,2026-03-22T21:37:27.0598708Z,6,False,"SqlError",2812,"",,"Could not find stored procedure 'dbo.usp_BlockingDemo'."
7,6,2026-03-22T21:37:27.0668390Z,6,False,"SqlError",2812,"",,"Could not find stored procedure 'dbo.usp_BlockingDemo'."
7,7,2026-03-22T21:37:27.0736965Z,10,False,"SqlError",2812,"",,"Could not find stored procedure 'dbo.usp_BlockingDemo'."
7,8,2026-03-22T21:37:27.0841160Z,6,False,"SqlError",2812,"",,"Could not find stored procedure 'dbo.usp_BlockingDemo'."
7,9,2026-03-22T21:37:27.0903172Z,7,False,"SqlError",2812,"",,"Could not find stored procedure 'dbo.usp_BlockingDemo'."
7,10,2026-03-22T21:37:27.0980898Z,12,False,"SqlError",2812,"",,"Could not find stored procedure 'dbo.usp_BlockingDemo'."
7,11,2026-03-22T21:37:27.1108830Z,6,False,"SqlError",2812,"",,"Could not find stored procedure 'dbo.usp_BlockingDemo'."
7,12,2026-03-22T21:37:27.1172289Z,6,False,"SqlError",2812,"",,"Could not find stored procedure 'dbo.usp_BlockingDemo'."
7,13,2026-03-22T21:37:27.1238858Z,8,False,"SqlError",2812,"",,"Could not find stored procedure 'dbo.usp_BlockingDemo'."
7,14,2026-03-22T21:37:27.1325009Z,14,False,"SqlError",2812,"",,"Could not find stored procedure 'dbo.usp_BlockingDemo'."
7,15,2026-03-22T21:37:27.1467866Z,6,False,"SqlError",2812,"",,"Could not find stored procedure 'dbo.usp_BlockingDemo'."
7,16,2026-03-22T21:37:27.1536890Z,8,False,"SqlError",2812,"",,"Could not find stored procedure 'dbo.usp_BlockingDemo'."
7,17,2026-03-22T21:37:27.1620774Z,6,False,"SqlError",2812,"",,"Could not find stored procedure 'dbo.usp_BlockingDemo'."
7,18,2026-03-22T21:37:27.1687322Z,9,False,"SqlError",2812,"",,"Could not find stored procedure 'dbo.usp_BlockingDemo'."
7,19,2026-03-22T21:37:27.1787315Z,7,False,"SqlError",2812,"",,"Could not find stored procedure 'dbo.usp_BlockingDemo'."
7,20,2026-03-22T21:37:27.1858363Z,7,False,"SqlError",2812,"",,"Could not find stored procedure 'dbo.usp_BlockingDemo'."
7,21,2026-03-22T21:37:27.1938432Z,8,False,"SqlError",2812,"",,"Could not find stored procedure 'dbo.usp_BlockingDemo'."
7,22,2026-03-22T21:37:27.2019122Z,13,False,"SqlError",2812,"",,"Could not find stored procedure 'dbo.usp_BlockingDemo'."
7,23,2026-03-22T21:37:27.2153422Z,5,False,"SqlError",2812,"",,"Could not find stored procedure 'dbo.usp_BlockingDemo'."
7,24,2026-03-22T21:37:27.2204523Z,7,False,"SqlError",2812,"",,"Could not find stored procedure 'dbo.usp_BlockingDemo'."
7,25,2026-03-22T21:37:27.2283564Z,17,False,"SqlError",2812,"",,"Could not find stored procedure 'dbo.usp_BlockingDemo'."
7,26,2026-03-22T21:37:27.2457625Z,10,False,"SqlError",2812,"",,"Could not find stored procedure 'dbo.usp_BlockingDemo'."
7,27,2026-03-22T21:37:27.2564018Z,9,False,"SqlError",2812,"",,"Could not find stored procedure 'dbo.usp_BlockingDemo'."
7,28,2026-03-22T21:37:27.2656455Z,24,False,"SqlError",2812,"",,"Could not find stored procedure 'dbo.usp_BlockingDemo'."
7,29,2026-03-22T21:37:27.2903618Z,5,False,"SqlError",2812,"",,"Could not find stored procedure 'dbo.usp_BlockingDemo'."
7,30,2026-03-22T21:37:27.2962342Z,7,False,"SqlError",2812,"",,"Could not find stored procedure 'dbo.usp_BlockingDemo'."
8,1,2026-03-22T21:37:26.9530109Z,36,False,"SqlError",2812,"",,"Could not find stored procedure 'dbo.usp_BlockingDemo'."
8,2,2026-03-22T21:37:26.9909832Z,5,False,"SqlError",2812,"",,"Could not find stored procedure 'dbo.usp_BlockingDemo'."
8,3,2026-03-22T21:37:26.9963265Z,11,False,"SqlError",2812,"",,"Could not find stored procedure 'dbo.usp_BlockingDemo'."
8,4,2026-03-22T21:37:27.0075376Z,8,False,"SqlError",2812,"",,"Could not find stored procedure 'dbo.usp_BlockingDemo'."
8,5,2026-03-22T21:37:27.0156218Z,16,False,"SqlError",2812,"",,"Could not find stored procedure 'dbo.usp_BlockingDemo'."
8,6,2026-03-22T21:37:27.0320330Z,11,False,"SqlError",2812,"",,"Could not find stored procedure 'dbo.usp_BlockingDemo'."
8,7,2026-03-22T21:37:27.0432394Z,10,False,"SqlError",2812,"",,"Could not find stored procedure 'dbo.usp_BlockingDemo'."
8,8,2026-03-22T21:37:27.0538125Z,8,False,"SqlError",2812,"",,"Could not find stored procedure 'dbo.usp_BlockingDemo'."
8,9,2026-03-22T21:37:27.0620618Z,8,False,"SqlError",2812,"",,"Could not find stored procedure 'dbo.usp_BlockingDemo'."
8,10,2026-03-22T21:37:27.0703919Z,6,False,"SqlError",2812,"",,"Could not find stored procedure 'dbo.usp_BlockingDemo'."
8,11,2026-03-22T21:37:27.0766048Z,7,False,"SqlError",2812,"",,"Could not find stored procedure 'dbo.usp_BlockingDemo'."
8,12,2026-03-22T21:37:27.0842089Z,5,False,"SqlError",2812,"",,"Could not find stored procedure 'dbo.usp_BlockingDemo'."
8,13,2026-03-22T21:37:27.0901106Z,6,False,"SqlError",2812,"",,"Could not find stored procedure 'dbo.usp_BlockingDemo'."
8,14,2026-03-22T21:37:27.0970404Z,11,False,"SqlError",2812,"",,"Could not find stored procedure 'dbo.usp_BlockingDemo'."
8,15,2026-03-22T21:37:27.1083163Z,6,False,"SqlError",2812,"",,"Could not find stored procedure 'dbo.usp_BlockingDemo'."
8,16,2026-03-22T21:37:27.1144535Z,6,False,"SqlError",2812,"",,"Could not find stored procedure 'dbo.usp_BlockingDemo'."
8,17,2026-03-22T21:37:27.1204857Z,6,False,"SqlError",2812,"",,"Could not find stored procedure 'dbo.usp_BlockingDemo'."
8,18,2026-03-22T21:37:27.1274099Z,7,False,"SqlError",2812,"",,"Could not find stored procedure 'dbo.usp_BlockingDemo'."
8,19,2026-03-22T21:37:27.1353117Z,14,False,"SqlError",2812,"",,"Could not find stored procedure 'dbo.usp_BlockingDemo'."
8,20,2026-03-22T21:37:27.1500790Z,6,False,"SqlError",2812,"",,"Could not find stored procedure 'dbo.usp_BlockingDemo'."
8,21,2026-03-22T21:37:27.1561761Z,7,False,"SqlError",2812,"",,"Could not find stored procedure 'dbo.usp_BlockingDemo'."
8,22,2026-03-22T21:37:27.1635857Z,9,False,"SqlError",2812,"",,"Could not find stored procedure 'dbo.usp_BlockingDemo'."
8,23,2026-03-22T21:37:27.1727326Z,5,False,"SqlError",2812,"",,"Could not find stored procedure 'dbo.usp_BlockingDemo'."
8,24,2026-03-22T21:37:27.1787065Z,5,False,"SqlError",2812,"",,"Could not find stored procedure 'dbo.usp_BlockingDemo'."
8,25,2026-03-22T21:37:27.1837448Z,5,False,"SqlError",2812,"",,"Could not find stored procedure 'dbo.usp_BlockingDemo'."
8,26,2026-03-22T21:37:27.1889470Z,6,False,"SqlError",2812,"",,"Could not find stored procedure 'dbo.usp_BlockingDemo'."
8,27,2026-03-22T21:37:27.1953447Z,6,False,"SqlError",2812,"",,"Could not find stored procedure 'dbo.usp_BlockingDemo'."
8,28,2026-03-22T21:37:27.2017950Z,14,False,"SqlError",2812,"",,"Could not find stored procedure 'dbo.usp_BlockingDemo'."
8,29,2026-03-22T21:37:27.2160687Z,6,False,"SqlError",2812,"",,"Could not find stored procedure 'dbo.usp_BlockingDemo'."
8,30,2026-03-22T21:37:27.2226422Z,8,False,"SqlError",2812,"",,"Could not find stored procedure 'dbo.usp_BlockingDemo'."
