Id,CaptureTime,ServerName,InstanceName,CpuPercent,BatchRequestsPerSec,UserConnections,BlockedSessions,DeadlocksPerMin,AvgQueryDurationMs,AvgLogicalReads,TempdbUsedMb,SignalWaitTimeMs,PageLifeExpectancy,hour,day_of_week,is_weekend,CpuPercent_diff,BatchRequestsPerSec_diff,UserConnections_diff,BlockedSessions_diff,DeadlocksPerMin_diff,AvgQueryDurationMs_diff,AvgLogicalReads_diff,TempdbUsedMb_diff,SignalWaitTimeMs_diff,PageLifeExpectancy_diff,CpuPercent_rolling_mean_3,CpuPercent_rolling_std_3,BatchRequestsPerSec_rolling_mean_3,BatchRequestsPerSec_rolling_std_3,AvgQueryDurationMs_rolling_mean_3,AvgQueryDurationMs_rolling_std_3,AvgLogicalReads_rolling_mean_3,AvgLogicalReads_rolling_std_3,TempdbUsedMb_rolling_mean_3,TempdbUsedMb_rolling_std_3,SignalWaitTimeMs_rolling_mean_3,SignalWaitTimeMs_rolling_std_3,PageLifeExpectancy_rolling_mean_3,PageLifeExpectancy_rolling_std_3,duration_per_batch,reads_per_batch,signal_wait_per_connection,AnomalyFlag,AnomalyScore
3,2026-03-28 23:32:17,deweloper,MSSQLSERVER,0.0,12903.0,10,0,0,55.59,5953.07,8.0,184459994.0,1184,23,5,1,0.0,177.0,-2.0,0.0,0.0,-13.009999999999993,-654.8100000000004,0.0,731620.0,362.0,8.333333333333334,14.433756729740644,8584.666666666666,7326.820752095232,47.39666666666667,26.276187572274125,4266.983333333334,3502.8046062024832,176.0,290.9845356715714,122729457.33333331,106287453.88605484,1268.6666666666667,494.4667161026446,0.0043083003952569,0.4613709989924823,18445999.4,1,0.7653339448183526
16,2026-03-29 00:13:44,deweloper,MSSQLSERVER,0.0,13819.0,6,0,0,7.46,232.8,8.0,189490256.0,3672,0,6,1,0.0,600.0,-2.0,0.0,0.0,-47.21,-5115.349999999999,0.0,4776906.0,2357.0,0.0,0.0,13413.333333333334,351.42045093212874,38.93333333333333,27.25670620844224,3643.05,2953.3631333616927,8.0,0.0,186303922.3333333,2759447.1199739114,2099.6666666666665,1361.6814360684125,0.0005398364570518,0.0168463709385628,31581709.33333333,1,0.7180533612498534
14,2026-03-28 23:34:25,deweloper,MSSQLSERVER,0.0,13202.0,8,0,0,54.67,5348.2,8.0,184708161.0,1312,23,5,1,0.0,129.0,-2.0,0.0,0.0,0.0,-519.6199999999999,0.0,232919.0,111.0,0.0,0.0,13110.333333333334,79.83942217564471,54.673333333333325,0.0057735026918986,5694.639999999999,300.02584355351826,8.0,0.0,184552881.0,134476.4247108215,1237.3333333333333,64.67096205665509,0.0041410392364793,0.4051052870777155,23088520.125,1,0.7036237729845903
395,2026-03-29 08:47:47,deweloper,MSSQLSERVER,0.0,21031.0,8,0,0,162.82,1601.67,8.0,245129350.0,30915,8,6,1,0.0,138.0,2.0,0.0,0.0,136.51999999999998,1402.38,0.0,151596.0,63.0,0.0,0.0,20932.0,86.37708029337134,66.12666666666665,84.17120014193293,677.92,800.166405755703,8.0,0.0,244993410.66666663,128826.5373725263,30852.666666666668,62.0026881137885,0.0077419048071893,0.0761575769102753,30641168.75,1,0.6925722701488739
8,2026-03-28 23:32:27,deweloper,MSSQLSERVER,2.5,12988.0,10,0,0,55.47,5950.97,8.0,184470221.0,1194,23,5,1,2.5,17.0,0.0,0.0,0.0,-0.009999999999998,-0.2100000000000363,0.0,5015.0,2.0,0.8333333333333334,1.4433756729740643,12971.0,17.000000000221704,55.48333333333333,0.0152752523107364,5951.200000000001,0.2406241895597302,8.0,0.0,184466877.3333333,2895.700664548118,1192.3333333333333,1.5275252316469787,0.0042708654142285,0.4581898675700647,18447022.1,1,0.6835096354686881
435,2026-03-29 09:28:58,deweloper,MSSQLSERVER,0.0,23041.0,5,0,0,346.85,44.33,8.0,250193996.0,33385,9,6,1,0.0,17.0,0.0,0.0,0.0,326.95000000000005,-188.47000000000003,0.0,140028.0,62.0,0.0,0.0,23024.0,17.000000000178233,125.24333333333334,191.99465522074652,169.97666666666666,108.81320523416878,8.0,0.0,250057454.66666663,134831.81538276735,33322.333333333336,63.00264544712663,0.0150536001041621,0.0019239616336096,50038799.2,1,0.6729175789898866
9,2026-03-28 23:32:28,deweloper,MSSQLSERVER,0.0,13005.0,10,0,0,54.7,5868.24,8.0,184470227.0,1195,23,5,1,-2.5,17.0,0.0,0.0,0.0,-0.769999999999996,-82.73000000000047,0.0,6.0,1.0,0.8333333333333334,1.4433756729740643,12988.0,17.000000000221704,55.21666666666666,0.4474743940530578,5923.463333333333,47.82492481263234,8.0,0.0,184468551.3333333,2897.145550130243,1193.6666666666667,1.5275252316469787,0.0042060745866974,0.4512295271049596,18447022.7,1,0.6720321109898704
15,2026-03-28 23:34:28,deweloper,MSSQLSERVER,0.0,13219.0,8,0,0,54.67,5348.15,8.0,184713350.0,1315,23,5,1,0.0,17.0,0.0,0.0,0.0,0.0,-0.0500000000001819,0.0,5189.0,3.0,0.0,0.0,13164.666666666666,79.83942217564471,54.67,9.424249928632102e-09,5521.389999999999,300.01718167465026,8.0,0.0,184632251.0,135998.53305460775,1276.0,64.96922348312307,0.0041357137453665,0.4045805280278386,23089168.75,1,0.658935956483141
471,2026-03-29 10:05:45,deweloper,MSSQLSERVER,7.5,24185.0,5,0,0,0.12,0.0,8.0,254814052.0,35592,10,6,1,7.5,17.0,0.0,0.0,0.0,-9.32,-232.8,0.0,150497.0,63.0,2.5,4.330127018922194,24168.0,17.000000000178048,9.21,8.97721003430372,155.20000000000002,134.40714266734489,8.0,0.0,254671308.66666663,139028.75362463735,35529.333333333336,62.500666663133416,4.961753152780649e-06,0.0,50962810.4,1,0.6586387592548459
43,2026-03-29 00:41:13,deweloper,MSSQLSERVER,0.0,14430.0,7,0,0,79.98,1517.53,8.0,192805307.0,5320,0,6,1,0.0,147.0,2.0,0.0,0.0,70.91,1284.73,0.0,123045.0,61.0,0.0,0.0,14326.333333333334,90.17945072654204,32.31666666666666,41.28180268996661,661.0433333333334,741.739211335988,8.0,0.0,192682389.3333333,122854.04949906871,5259.0,60.99999999999987,0.0055426195426195,0.1051649341649341,27543615.285714287,1,0.6557884595512384
4,2026-03-28 23:32:20,deweloper,MSSQLSERVER,0.0,12920.0,10,0,0,55.53,5952.31,8.0,184460192.0,1187,23,5,1,0.0,17.0,0.0,0.0,0.0,-0.0600000000000022,-0.7599999999993088,0.0,198.0,3.0,0.0,0.0,12849.666666666666,107.43525181866896,59.906666666666666,7.528707281687414,6171.086666666667,378.274313737179,8.0,0.0,184216186.66666663,422458.1732234981,1064.3333333333333,209.87218332435904,0.004297987616099,0.4607051083591331,18446019.2,1,0.6527392397724057
10,2026-03-28 23:32:30,deweloper,MSSQLSERVER,0.0,13022.0,10,0,0,54.69,5868.11,8.0,184470228.0,1197,23,5,1,0.0,17.0,0.0,0.0,0.0,-0.0100000000000051,-0.1300000000001091,0.0,1.0,2.0,0.8333333333333334,1.4433756729740643,13005.0,17.000000000221704,54.95333333333334,0.4474743940530551,5895.7733333333335,47.80175973051522,8.0,0.0,184470225.3333333,4.042105209344606,1195.3333333333333,1.5275252316469787,0.0041998156965135,0.4506304715097527,18447022.8,1,0.6340963909937755
5,2026-03-28 23:32:22,deweloper,MSSQLSERVER,0.0,12937.0,10,0,0,55.52,5951.8,8.0,184465203.0,1189,23,5,1,0.0,17.0,0.0,0.0,0.0,-0.009999999999998,-0.5100000000002183,0.0,5011.0,2.0,0.0,0.0,12920.0,17.000000000221704,55.546666666666674,0.0378593889696741,5952.393333333333,0.6390878921828367,8.0,0.0,184461796.3333333,2951.920788019232,1186.6666666666667,2.516611478420613,0.0042915668238386,0.4600602921852052,18446520.3,1,0.6339201357750078
7,2026-03-28 23:32:25,deweloper,MSSQLSERVER,0.0,12971.0,10,0,0,55.48,5951.18,8.0,184465206.0,1192,23,5,1,0.0,17.0,0.0,0.0,0.0,-0.0200000000000031,-0.269999999999527,0.0,1.0,1.0,0.0,0.0,12954.0,17.000000000221704,55.5,0.0199999999955883,5951.4766666666665,0.3108590258219136,8.0,0.0,184465204.66666663,2.082952066740574,1190.6666666666667,1.5275252316469787,0.0042772338293115,0.4588065684989592,18446520.6,1,0.6256934670700758
12,2026-03-28 23:32:32,deweloper,MSSQLSERVER,0.0,13056.0,10,0,0,54.68,5867.9,8.0,184475240.0,1199,23,5,1,0.0,17.0,0.0,0.0,0.0,0.0,-0.1000000000003638,0.0,5002.0,1.0,0.0,0.0,13039.0,17.000000000221704,54.68333333333334,0.0057735026755772,5868.003333333334,0.1050396774542355,8.0,0.0,184471902.0,2890.797468741309,1198.0,0.999999999992364,0.004188112745098,0.4494408700980392,18447524.0,1,0.6252421922468493
6,2026-03-28 23:32:24,deweloper,MSSQLSERVER,0.0,12954.0,10,0,0,55.5,5951.45,8.0,184465205.0,1191,23,5,1,0.0,17.0,0.0,0.0,0.0,-0.0200000000000031,-0.3500000000003638,0.0,2.0,2.0,0.0,0.0,12937.0,17.000000000221704,55.51666666666667,0.0152752523107426,5951.853333333333,0.432473506628193,8.0,0.0,184463533.3333333,2893.68006847927,1189.0,1.9999999999962248,0.004284390921723,0.4594295198394318,18446520.5,1,0.6231794505493448
13,2026-03-28 23:32:34,deweloper,MSSQLSERVER,0.0,13073.0,10,0,0,54.67,5867.82,8.0,184475242.0,1201,23,5,1,0.0,17.0,0.0,0.0,0.0,-0.009999999999998,-0.0799999999999272,0.0,2.0,2.0,0.0,0.0,13056.0,17.000000000221704,54.67666666666667,0.0057735026918961,5867.906666666667,0.0901849978628082,8.0,0.0,184473573.3333333,2888.4839169713337,1199.3333333333333,1.5275252316469787,0.0041819016293123,0.4488503021494683,18447524.2,1,0.6198362340169735
11,2026-03-28 23:32:31,deweloper,MSSQLSERVER,0.0,13039.0,10,0,0,54.68,5868.0,8.0,184470238.0,1198,23,5,1,0.0,17.0,0.0,0.0,0.0,-0.009999999999998,-0.1099999999996725,0.0,10.0,1.0,0.0,0.0,13022.0,17.000000000221704,54.69,0.0099999999905827,5868.116666666666,0.1201388107147046,8.0,0.0,184470231.0,6.245420815108588,1196.6666666666667,1.5275252316469787,0.0041935731267735,0.4500345118490682,18447023.8,1,0.6176118230102661
396,2026-03-29 08:48:48,deweloper,MSSQLSERVER,0.0,21070.0,9,0,0,5.31,168.86,8.0,245235909.0,30975,8,6,1,0.0,39.0,1.0,0.0,0.0,-157.51,-1432.81,0.0,106559.0,60.0,0.0,0.0,20998.0,93.00000000004042,64.80999999999999,85.52552309106328,656.6066666666667,818.5902663929821,8.0,0.0,245114337.66666663,129730.600177432,30914.0,61.50609725874615,0.0002520170859041,0.0080142382534409,27248434.33333333,1,0.5983363079924156
436,2026-03-29 09:30:01,deweloper,MSSQLSERVER,0.0,23562.0,5,0,0,11.6,232.8,8.0,250328732.0,33448,9,6,1,0.0,521.0,0.0,0.0,0.0,-335.25,188.47000000000003,0.0,134736.0,63.0,0.0,0.0,23209.0,305.82511342269794,126.11666666666667,191.20571600591165,169.97666666666666,108.81320523416878,8.0,0.0,250192232.0,137390.49347782516,33385.333333333336,62.500666663133416,0.0004923181393769,0.0098803157626687,50065746.4,1,0.5879737835407438
472,2026-03-29 10:06:46,deweloper,MSSQLSERVER,0.0,24206.0,5,0,0,22.35,232.5,8.0,254915618.0,35653,10,6,1,-7.5,21.0,0.0,0.0,0.0,22.23,232.5,0.0,101566.0,61.0,2.5,4.330127018922194,24186.33333333333,19.03505538051846,10.636666666666668,11.16320891739184,155.1,134.32062388181495,8.0,0.0,254797741.66666663,126820.57886802912,35591.333333333336,62.0026881137898,0.0009233247955052,0.0096050565975378,50983123.6,1,0.5684974043892045
291,2026-03-29 05:52:53,deweloper,MSSQLSERVER,0.0,18979.0,6,0,0,118.03,30.0,8.0,223497104.0,20420,5,6,1,0.0,17.0,0.0,0.0,0.0,112.39,-202.8,0.0,123212.0,61.0,0.0,0.0,18960.666666666668,19.03505538055587,43.126666666666665,64.86819893702409,165.20000000000002,117.0866345916561,8.0,0.0,223374230.3333333,122704.84984035646,20359.0,60.99999999999496,0.0062189788713841,0.0015806944517624,37249517.333333336,1,0.5642811066965605
376,2026-03-29 08:26:59,deweloper,MSSQLSERVER,0.0,20571.0,6,0,0,14.97,232.5,8.0,242444091.0,29666,8,6,1,0.0,90.0,0.0,0.0,0.0,9.28,-0.3000000000000113,0.0,8486611.0,4122.0,0.0,0.0,20505.33333333333,57.50072463318072,8.773333333333328,5.366491715574834,232.7,0.1732050807568984,8.0,0.0,236745646.66666663,4935375.227797413,26898.0,2397.346032595211,0.0007277234942394,0.0113023187983082,40407348.5,1,0.5525762656211245
432,2026-03-29 09:25:51,deweloper,MSSQLSERVER,0.0,22986.0,5,0,0,127.67,232.8,8.0,249779693.0,33197,9,6,1,0.0,17.0,0.0,0.0,0.0,119.6,0.0,0.0,166554.0,67.0,0.0,0.0,22969.0,17.000000000178233,48.03333333333333,68.96752883301917,232.8,0.0,8.0,0.0,249627914.66666663,144956.39598308955,33131.666666666664,64.516147849483,0.005554250413295,0.0101279039415296,49955938.6,1,0.5394665753189598
383,2026-03-29 08:35:27,deweloper,MSSQLSERVER,0.0,20694.0,6,0,0,133.51,232.8,8.0,243564520.0,30173,8,6,1,0.0,17.0,0.0,0.0,0.0,125.57,0.0,0.0,128168.0,61.0,0.0,0.0,20677.0,17.000000000220098,49.40999999999999,72.83504582273562,232.8,0.0,8.0,0.0,243366019.0,241475.7725426152,30085.666666666668,103.05500149597898,0.0064516284913501,0.011249637576109,40594086.66666666,1,0.5311687868383076
398,2026-03-29 08:50:52,deweloper,MSSQLSERVER,0.0,22220.0,9,0,0,5.77,168.86,8.0,245516754.0,31099,8,6,1,0.0,1133.0,0.0,0.0,0.0,-1.1300000000000008,-63.94,0.0,133422.0,63.0,0.0,0.0,21459.0,659.1001441359329,5.993333333333324,0.818189057206408,190.1733333333333,36.91577621198383,8.0,0.0,245378665.0,140480.65409536829,31036.666666666668,62.00268811378848,0.0002596759675967,0.0075994599459946,27279639.33333333,1,0.5265345268633742
27,2026-03-29 00:24:55,deweloper,MSSQLSERVER,0.0,14016.0,5,0,0,71.1,232.8,8.0,190825611.0,4343,0,6,1,0.0,17.0,0.0,0.0,0.0,64.5,216.6,0.0,121451.0,62.0,0.0,0.0,13999.0,17.000000000221704,28.48666666666666,36.90878666839826,160.6,125.05406830647296,8.0,0.0,190704569.66666663,120837.02083512486,4281.333333333333,61.50067750304327,0.0050727739726027,0.0166095890410958,38165122.2,1,0.5178689155799013
484,2026-03-29 10:18:57,deweloper,MSSQLSERVER,0.0,24719.0,9,0,0,7.77,179.86,8.0,256421261.0,36384,10,6,1,0.0,144.0,2.0,0.0,0.0,-0.7699999999999996,-52.94,0.0,122671.0,61.0,0.0,0.0,24617.33333333333,88.45526176174869,10.473333333333333,4.033885637116734,231.5133333333333,51.02216903791264,8.0,0.0,256299280.3333333,121636.969225742,36323.0,61.00000000001462,0.0003143331040899,0.007276184311663,28491251.222222224,1,0.5022692914208362
44,2026-03-29 00:42:13,deweloper,MSSQLSERVER,0.0,14451.0,7,0,0,13.17,206.17,8.0,192925677.0,5380,0,6,1,0.0,21.0,0.0,0.0,0.0,-66.81,-1311.36,0.0,120370.0,60.0,0.0,0.0,14388.0,91.53687781439493,34.07333333333333,39.80915765666656,652.1666666666666,749.5449040806917,8.0,0.0,192804415.3333333,121709.94971783452,5319.666666666667,60.500688701314,0.0009113556155283,0.0142668327451387,27560811.0,1,0.5011221167890502
17,2026-03-29 00:14:45,deweloper,MSSQLSERVER,0.0,13836.0,5,0,0,7.75,232.8,8.0,189611804.0,3732,0,6,1,0.0,17.0,-1.0,0.0,0.0,0.29,0.0,0.0,121548.0,60.0,0.0,0.0,13624.666666666666,351.42045093212874,23.293333333333333,27.17337728979109,1937.9166666666667,2953.348699499151,8.0,0.0,187938470.0,2793696.9663651725,2906.333333333333,1378.4615821027924,0.0005601329864122,0.0168256721595836,37922360.8,1,0.49248855230970634
487,2026-03-29 10:22:01,deweloper,MSSQLSERVER,0.0,24920.0,8,0,0,13.03,158.38,8.0,256786788.0,36568,10,6,1,0.0,167.0,-1.0,0.0,0.0,3.379999999999999,-74.42000000000002,0.0,118154.0,62.0,0.0,0.0,24803.0,101.6808733243674,10.503333333333332,2.226237483588996,207.9933333333333,42.96640703309196,8.0,0.0,256665915.0,122255.17894589796,36506.333333333336,61.50067750305687,0.0005228731942215,0.0063555377207062,32098348.5,1,0.49130980821152925
473,2026-03-29 10:07:47,deweloper,MSSQLSERVER,0.0,24223.0,5,0,0,12.46,232.8,8.0,255058425.0,35714,10,6,1,0.0,17.0,0.0,0.0,0.0,-9.89,0.3000000000000113,0.0,142807.0,61.0,2.5,4.330127018922194,24204.666666666668,19.03505538051846,11.643333333333333,11.137478769153129,155.1,134.32062388181495,8.0,0.0,254929365.0,122765.1244901811,35653.0,61.00000000002004,0.0005143871527061,0.0096107005738347,51011685.0,1,0.49068553590243347
399,2026-03-29 08:51:57,deweloper,MSSQLSERVER,0.0,22380.0,9,0,0,28.35,206.17,8.0,245646181.0,31163,8,6,1,0.0,160.0,0.0,0.0,0.0,22.58,37.30999999999997,0.0,129427.0,64.0,0.0,0.0,21895.666666666668,704.8803681003893,13.673333333333323,12.722917642322937,202.61,32.11831409024987,8.0,0.0,245515422.3333333,131429.5598577233,31099.33333333333,63.50065616460769,0.0012667560321715,0.0092122430741733,27294020.111111112,1,0.48443878108849114
444,2026-03-29 09:38:12,deweloper,MSSQLSERVER,0.0,23706.0,5,0,0,37.66,30.0,8.0,251374880.0,33940,9,6,1,0.0,17.0,0.0,0.0,0.0,27.419999999999995,-202.8,0.0,121818.0,62.0,0.0,0.0,23687.666666666668,19.03505538051846,20.556666666666665,14.916709869583716,165.20000000000002,117.0866345916561,8.0,0.0,251248414.0,128852.88910259708,33878.333333333336,61.50067750306774,0.0015886273517253,0.0012655024044545,50274976.0,1,0.4842731135108891
397,2026-03-29 08:49:49,deweloper,MSSQLSERVER,0.0,21087.0,9,0,0,6.9,232.8,8.0,245383332.0,31036,8,6,1,0.0,17.0,0.0,0.0,0.0,1.5900000000000007,63.94,0.0,147423.0,61.0,0.0,0.0,21062.666666666668,28.711205710329008,58.34333333333333,90.48294001265285,667.7766666666668,809.4069739218544,8.0,0.0,245249530.3333333,127537.71843810262,30975.33333333333,60.50068870133404,0.0003272158201735,0.0110399772371603,27264814.666666668,1,0.47849463288539834
474,2026-03-29 10:08:47,deweloper,MSSQLSERVER,0.0,24377.0,7,0,0,9.72,232.8,8.0,255170544.0,35773,10,6,1,0.0,154.0,2.0,0.0,0.0,-2.74,0.0,0.0,112119.0,59.0,0.0,0.0,24268.666666666668,94.20368004138314,14.843333333333334,6.64375145029798,232.7,0.173205080764879,8.0,0.0,255048195.66666663,127770.4810056842,35713.333333333336,60.00277771349981,0.000398736513927,0.0095499856422037,36452934.85714286,1,0.46958051893375036
437,2026-03-29 09:31:03,deweloper,MSSQLSERVER,0.0,23579.0,5,0,0,13.33,232.8,8.0,250460029.0,33510,9,6,1,0.0,17.0,0.0,0.0,0.0,1.7300000000000004,0.0,0.0,131297.0,62.0,0.0,0.0,23394.0,305.82511342269794,123.92666666666668,193.0592075849617,169.97666666666666,108.81320523416878,8.0,0.0,250327585.66666663,133020.20460973075,33447.666666666664,62.500666663133416,0.0005653335595233,0.0098731922473387,50092005.8,1,0.46607220184542053
77,2026-03-29 01:15:39,deweloper,MSSQLSERVER,0.0,15042.0,7,0,0,21.94,195.33,8.0,196952458.0,7385,1,6,1,0.0,19.0,1.0,0.0,0.0,15.490000000000002,-37.47,0.0,145153.0,64.0,0.0,0.0,15023.666666666666,18.00925687919472,11.446666666666664,9.090931378760558,220.31000000000003,21.633314586535278,8.0,0.0,196820617.66666663,125713.77879258317,7322.666666666667,61.51693533762266,0.0014585826352878,0.0129856402074192,28136065.42857143,1,0.4640356251238752
357,2026-03-29 07:00:04,deweloper,MSSQLSERVER,0.0,20156.0,6,0,0,0.12,0.0,8.0,231732561.0,24450,7,6,1,0.0,17.0,0.0,0.0,0.0,-5.45,-232.8,0.0,134983.0,61.0,0.0,0.0,20139.0,17.000000000220016,3.779999999999994,3.169905361363327,155.20000000000002,134.40714266734489,8.0,0.0,231605639.3333333,123089.14129335356,24389.33333333333,60.500688701305954,5.953562214725144e-06,0.0,38622093.5,1,0.46083004043024733
303,2026-03-29 06:05:01,deweloper,MSSQLSERVER,0.0,19191.0,6,0,0,0.09,0.0,8.0,224969454.0,21149,6,6,1,0.0,17.0,0.0,0.0,0.0,-5.61,-232.8,0.0,110080.0,62.0,0.0,0.0,19174.0,17.000000000219938,3.8333333333333286,3.241825617353944,155.20000000000002,134.40714266734489,8.0,0.0,224851307.3333333,122379.55603506965,21087.666666666668,61.00273217924384,4.689698296076285e-06,0.0,37494909.0,1,0.46071110798269405
126,2026-03-29 03:05:13,deweloper,MSSQLSERVER,2.5,16031.0,6,0,0,6.21,232.8,8.0,202922821.0,10359,3,6,1,2.5,17.0,0.0,0.0,0.0,-0.3399999999999998,0.0,0.0,122496.0,60.0,0.8333333333333334,1.4433756729740643,16014.0,17.000000000220016,6.256666666666663,0.2730079363925519,232.8,0.0,8.0,0.0,202799009.3333333,124474.71496782042,10299.0,59.99999999999963,0.0003873744619799,0.0145218638887156,33820470.166666664,1,0.4595835404400398
478,2026-03-29 10:12:52,deweloper,MSSQLSERVER,0.0,24484.0,8,0,0,6.01,90.0,8.0,255656313.0,36019,10,6,1,0.0,17.0,0.0,0.0,0.0,-8.97,-142.8,0.0,99925.0,62.0,0.0,0.0,24454.0,38.19685850964781,11.08,4.598032187795484,185.2,82.44561844027855,8.0,0.0,255541518.3333333,122905.9840383052,35957.333333333336,61.50067750305687,0.0002454664270544,0.0036758699558895,31957039.125,1,0.45909007595115014
385,2026-03-29 08:37:31,deweloper,MSSQLSERVER,0.0,20732.0,6,0,0,46.69,232.8,8.0,243827935.0,30298,8,6,1,0.0,21.0,0.0,0.0,0.0,28.43,0.0,0.0,136351.0,62.0,0.0,0.0,20712.33333333333,19.035055380556017,66.15333333333332,60.03962552625834,232.8,0.0,8.0,0.0,243694679.66666663,131734.78250783708,30235.666666666668,62.500666663132144,0.0022520740883658,0.011229017943276,40637989.16666666,1,0.4539197898065305
400,2026-03-29 08:52:58,deweloper,MSSQLSERVER,0.0,22416.0,10,0,0,7.59,232.8,8.0,245773507.0,31226,8,6,1,0.0,36.0,1.0,0.0,0.0,-20.76,26.630000000000024,0.0,127326.0,63.0,0.0,0.0,22338.666666666668,104.33280085064116,13.903333333333329,12.544231077803545,202.61,32.11831409024987,8.0,0.0,245645480.66666663,128377.93270026916,31162.666666666668,63.50065616460769,0.0003385974304068,0.0103854389721627,24577350.7,1,0.45289929331081724
419,2026-03-29 09:12:26,deweloper,MSSQLSERVER,0.0,22755.0,5,0,0,16.61,26.0,8.0,248142086.0,32393,9,6,1,0.0,21.0,0.0,0.0,0.0,8.68,-206.8,0.0,120326.0,61.0,0.0,0.0,22735.33333333333,19.035055380518628,11.67999999999999,4.458688147874762,163.86666666666667,119.3960356684146,8.0,0.0,248021696.66666663,120421.01249946722,32332.0,61.00000000002281,0.0007299494616567,0.0011426060206548,49628417.2,1,0.45152479473459706
343,2026-03-29 06:45:48,deweloper,MSSQLSERVER,0.0,19906.0,6,0,0,23.8,30.0,8.0,229982241.0,23594,6,6,1,0.0,17.0,0.0,0.0,0.0,16.09,-202.8,0.0,140149.0,60.0,0.0,0.0,19889.0,17.000000000220016,12.573333333333329,9.751463138080014,165.20000000000002,117.0866345916561,8.0,0.0,229853884.3333333,122885.59071890764,23533.0,61.5060972587212,0.0011956194112327,0.0015070832914699,38330373.5,1,0.4512074121230592
477,2026-03-29 10:11:51,deweloper,MSSQLSERVER,0.0,24467.0,8,0,0,14.98,232.8,8.0,255556388.0,35957,10,6,1,0.0,56.0,1.0,0.0,0.0,2.7300000000000004,0.0,0.0,144534.0,61.0,0.0,0.0,24424.0,38.19685850964781,14.916666666666666,2.635570779420751,232.8,1.6648380277866409e-06,8.0,0.0,255426767.0,122845.28171277746,35896.333333333336,60.5006887013299,0.0006122532390566,0.0095148567458209,31944548.5,1,0.44706872472547765
40,2026-03-29 00:38:10,deweloper,MSSQLSERVER,0.0,14249.0,5,0,0,10.67,16.2,8.0,192438592.0,5137,0,6,1,0.0,17.0,0.0,0.0,0.0,2.1500000000000004,-216.6,0.0,120311.0,60.0,0.0,0.0,14230.666666666666,19.035055380556745,9.126666666666662,1.346712045440405,160.6,125.05406830647296,8.0,0.0,192318299.66666663,120283.0010945838,5076.666666666667,60.500688701314,0.0007488244789108,0.0011369218892553,38487718.4,1,0.4469268966197321
